Headline,Sentiment,ImpactScore
Infrastructure Technology Attracts New Investment,Positive,89
Infrastructure Technology Attracts New Investment,Neutral,42
Infrastructure Technology Attracts New Investment,Neutral,80
AI Market Tools Transform Trading Strategies,Positive,79
Digital Payment Platforms Expand Across Markets,Positive,45
Regional Governments Support Innovation Startups,Positive,81
Digital Payment Platforms Expand Across Markets,Negative,49
Regional Governments Support Innovation Startups,Negative,53
Logistics Automation Improves Supply Chains,Neutral,40
AI Market Tools Transform Trading Strategies,Negative,82
Digital Payment Platforms Expand Across Markets,Positive,76
Logistics Automation Improves Supply Chains,Neutral,54
AI Market Tools Transform Trading Strategies,Negative,52
Regional Governments Support Innovation Startups,Negative,72
AI Market Tools Transform Trading Strategies,Negative,61
Regional Governments Support Innovation Startups,Negative,75
Digital Payment Platforms Expand Across Markets,Neutral,40
Digital Payment Platforms Expand Across Markets,Negative,58
Logistics Automation Improves Supply Chains,Neutral,47
Regional Governments Support Innovation Startups,Negative,75
AI Market Tools Transform Trading Strategies,Neutral,46
Logistics Automation Improves Supply Chains,Neutral,50
Regional Governments Support Innovation Startups,Positive,45
Digital Payment Platforms Expand Across Markets,Negative,44
Infrastructure Technology Attracts New Investment,Neutral,51
Infrastructure Technology Attracts New Investment,Positive,75
Infrastructure Technology Attracts New Investment,Negative,78
Regional Governments Support Innovation Startups,Negative,40
Digital Payment Platforms Expand Across Markets,Positive,67
AI Market Tools Transform Trading Strategies,Neutral,82
AI Market Tools Transform Trading Strategies,Negative,48
Digital Payment Platforms Expand Across Markets,Neutral,85
Infrastructure Technology Attracts New Investment,Neutral,86
Logistics Automation Improves Supply Chains,Positive,77
AI Market Tools Transform Trading Strategies,Neutral,82
Infrastructure Technology Attracts New Investment,Positive,48
AI Market Tools Transform Trading Strategies,Neutral,74
Regional Governments Support Innovation Startups,Positive,87
AI Market Tools Transform Trading Strategies,Negative,50
Regional Governments Support Innovation Startups,Neutral,54
Logistics Automation Improves Supply Chains,Neutral,56
Regional Governments Support Innovation Startups,Neutral,85
Infrastructure Technology Attracts New Investment,Negative,46
AI Market Tools Transform Trading Strategies,Positive,46
Infrastructure Technology Attracts New Investment,Positive,67
Infrastructure Technology Attracts New Investment,Negative,53
Infrastructure Technology Attracts New Investment,Neutral,53
Logistics Automation Improves Supply Chains,Neutral,45
Digital Payment Platforms Expand Across Markets,Negative,61
Infrastructure Technology Attracts New Investment,Neutral,56
